<?xml version="1.0" encoding="UTF-8" ?>
<root>
    <users>
        <firstName>Sydney</firstName>
        <lastName>Beard</lastName>
        <type>private</type>
        <customerNumber>123456789012</customerNumber>
        <cardNumber>1234567890123456</cardNumber>
        <password>1234567890</password>
        <pin>12345678</pin>
        <accounts>
            <other>50000012345601</other>
            <accountType>Personal</accountType>
            <accountSubType>CurrentAccount</accountSubType>
            <productId>123</productId>
            <productName>Product 123</productName>
            <productType>Other</productType>
            <otherScheme>BBAN</otherScheme>
            <countryCode>GB</countryCode>
            <name>Debit Account - NatWest - Sydney</name>
            <currency>GBP</currency>
            <balance>20021.35</balance>
            <beneficiaries>
                <other>80540122222222</other>
                <otherScheme>BBAN</otherScheme>
                <countryCode>GB</countryCode>
            </beneficiaries>
            <beneficiaries>
                <uniqueReference>Ref2</uniqueReference>
                <other>93134999999999</other>
                <otherScheme>BBAN</otherScheme>
                <countryCode>GB</countryCode>
                <name>Name2</name>
                <agentId>AgentId2</agentId>
                <agentScheme>BICFI</agentScheme>
                <agentName>AgentName2</agentName>
            </beneficiaries>
            <directDebits>
                <mandateIdentification>MandateId1</mandateIdentification>
                <name>Name1</name>
            </directDebits>
            <directDebits>
                <mandateIdentification>MandateId2</mandateIdentification>
                <name>Name2</name>
                <status>Active</status>
                <previousExecutionDateTime>2018-02-01</previousExecutionDateTime>
                <previousExecutionAmount>101.12</previousExecutionAmount>
                <previousExecutionCcy>GBP</previousExecutionCcy>
            </directDebits>
            <standingOrders>
                <frequency>EvryDay</frequency>
                <nextExecutionDateTime>2019-02-01</nextExecutionDateTime>
                <nextExecutionAmount>26.48</nextExecutionAmount>
                <nextExecutionCcy>GBP</nextExecutionCcy>
                <other>80540122222222</other>
                <otherScheme>BBAN</otherScheme>
                <countryCode>GB</countryCode>
            </standingOrders>
            <standingOrders>
                <frequency>EvryWorkgDay</frequency>
                <reference>Ref2</reference>
                <firstExecutionDateTime>2018-02-01</firstExecutionDateTime>
                <firstExecutionAmount>56.45</firstExecutionAmount>
                <firstExecutionCcy>GBP</firstExecutionCcy>
                <nextExecutionDateTime>2019-02-01</nextExecutionDateTime>
                <nextExecutionAmount>26.48</nextExecutionAmount>
                <nextExecutionCcy>GBP</nextExecutionCcy>
                <finalExecutionDateTime>2020-02-01</finalExecutionDateTime>
                <finalExecutionAmount>78.33</finalExecutionAmount>
                <finalExecutionCcy>GBP</finalExecutionCcy>
                <status>Active</status>
                <other>93134999999999</other>
                <otherScheme>BBAN</otherScheme>
                <countryCode>GB</countryCode>
                <name>Account name 2</name>
            </standingOrders>
            <scheduledPayments>
                <dateTime>2030-02-01</dateTime>
                <amount>13.37</amount>
                <type>Execution</type>
                <ccy>GBP</ccy>
                <name>Account name 1</name>
                <iban>GB49AIBK93134999999999</iban>
            </scheduledPayments>
            <scheduledPayments>
                <dateTime>2030-02-01</dateTime>
                <amount>42</amount>
                <type>Arrival</type>
                <ccy>GBP</ccy>
                <name>Account name 2</name>
                <other>80540122222222</other>
                <otherScheme>BBAN</otherScheme>
                <countryCode>GB</countryCode>
            </scheduledPayments>
            <transactions>
                <amount>250</amount>
                <bookingDate>2020-07-01</bookingDate>
                <cdtDbtInd>DBIT</cdtDbtInd>
                <counterparty>50000012345602</counterparty>
                <remittanceInf>Monthly savings</remittanceInf>
            </transactions>
            <transactions>
                <amount>72.14</amount>
                <bookingDate>2018-10-11</bookingDate>
                <cdtDbtInd>DBIT</cdtDbtInd>
                <counterparty>80540133333333</counterparty>
                <remittanceInf>Pizzeria Mama Roma</remittanceInf>
            </transactions>
        </accounts>
        <accounts>
            <other>50000012345602</other>
            <otherScheme>BBAN</otherScheme>
            <countryCode>GB</countryCode>
            <name>Savings Account - NatWest - Sydney</name>
            <currency>GBP</currency>
            <balance>125430.92</balance>
            <transactions>
                <amount>250</amount>
                <bookingDate>2020-07-01</bookingDate>
                <cdtDbtInd>CRDT</cdtDbtInd>
                <counterparty>50000012345601</counterparty>
                <remittanceInf>Monthly savings</remittanceInf>
            </transactions>
			 <transactions>
                <amount>1000</amount>
                <bookingDate>2020-06-01</bookingDate>
                <cdtDbtInd>CRDT</cdtDbtInd>
                <counterparty>50000012345601</counterparty>
                <remittanceInf>Other Income</remittanceInf>
            </transactions>
			 <transactions>
                <amount>350</amount>
                <bookingDate>2020-05-01</bookingDate>
                <cdtDbtInd>CRDT</cdtDbtInd>
                <counterparty>50000012345601</counterparty>
                <remittanceInf>Sale Credit</remittanceInf>
            </transactions>
        </accounts>
    </users>
    <users>
        <firstName>Joseph</firstName>
        <lastName>Anthony</lastName>
        <type>business</type>
        <customerId>1234567890</customerId>
        <userId>1234567890</userId>
        <password>1234567890</password>
        <pin>12345678</pin>
        <accounts>
            <other>50000087654301</other>
            <otherScheme>BBAN</otherScheme>
            <countryCode>GB</countryCode>
            <name>Debit Account - NatWest - Joseph</name>
            <currency>GBP</currency>
            <balance>20021.35</balance>
            <beneficiaries>
                <other>80540122222222</other>
                <otherScheme>BBAN</otherScheme>
                <countryCode>GB</countryCode>
            </beneficiaries>
            <beneficiaries>
                <uniqueReference>Ref2</uniqueReference>
                <other>93134999999999</other>
                <otherScheme>BBAN</otherScheme>
                <countryCode>GB</countryCode>
                <name>Name2</name>
                <agentId>AgentId2</agentId>
                <agentScheme>BICFI</agentScheme>
                <agentName>AgentName2</agentName>
            </beneficiaries>
            <directDebits>
                <mandateIdentification>MandateId1</mandateIdentification>
                <name>Name1</name>
            </directDebits>
            <directDebits>
                <mandateIdentification>MandateId2</mandateIdentification>
                <name>Name2</name>
                <status>Active</status>
                <previousExecutionDateTime>2018-02-01</previousExecutionDateTime>
                <previousExecutionAmount>101.12</previousExecutionAmount>
                <previousExecutionCcy>GBP</previousExecutionCcy>
            </directDebits>
            <standingOrders>
                <frequency>EvryDay</frequency>
                <nextExecutionDateTime>2019-02-01</nextExecutionDateTime>
                <nextExecutionAmount>26.48</nextExecutionAmount>
                <nextExecutionCcy>GBP</nextExecutionCcy>
                <other>80540122222222</other>
                <otherScheme>BBAN</otherScheme>
                <countryCode>GB</countryCode>
            </standingOrders>
            <standingOrders>
                <frequency>EvryWorkgDay</frequency>
                <reference>Ref2</reference>
                <firstExecutionDateTime>2018-02-01</firstExecutionDateTime>
                <firstExecutionAmount>56.45</firstExecutionAmount>
                <firstExecutionCcy>GBP</firstExecutionCcy>
                <nextExecutionDateTime>2019-02-01</nextExecutionDateTime>
                <nextExecutionAmount>26.48</nextExecutionAmount>
                <nextExecutionCcy>GBP</nextExecutionCcy>
                <finalExecutionDateTime>2020-02-01</finalExecutionDateTime>
                <finalExecutionAmount>78.33</finalExecutionAmount>
                <finalExecutionCcy>GBP</finalExecutionCcy>
                <status>Active</status>
                <other>93134999999999</other>
                <otherScheme>BBAN</otherScheme>
                <countryCode>GB</countryCode>
                <name>Account name 2</name>
            </standingOrders>
            <scheduledPayments>
                <dateTime>2030-02-01</dateTime>
                <amount>13.37</amount>
                <type>Execution</type>
                <ccy>GBP</ccy>
                <name>Account name 2</name>
                <iban>GB49AIBK93134999999999</iban>
            </scheduledPayments>
            <scheduledPayments>
                <dateTime>2030-02-01</dateTime>
                <amount>42</amount>
                <type>Arrival</type>
                <ccy>GBP</ccy>
                <name>Account name 1</name>
                <other>93134999999999</other>
                <otherScheme>BBAN</otherScheme>
                <countryCode>GB</countryCode>
            </scheduledPayments>
            <transactions>
                <amount>250</amount>
                <bookingDate>2020-07-01</bookingDate>
                <cdtDbtInd>DBIT</cdtDbtInd>
                <counterparty>50000087654302</counterparty>
                <remittanceInf>Monthly savings</remittanceInf>
            </transactions>
            <transactions>
                <amount>72.14</amount>
                <bookingDate>2018-10-11</bookingDate>
                <cdtDbtInd>DBIT</cdtDbtInd>
                <counterparty>80540133333333</counterparty>
                <remittanceInf>Pizzeria Mama Roma</remittanceInf>
            </transactions>
        </accounts>
        <accounts>
            <other>50000087654302</other>
            <otherScheme>BBAN</otherScheme>
            <countryCode>GB</countryCode>
            <name>Savings Account - NatWest - Joseph</name>
            <currency>GBP</currency>
            <balance>125430.92</balance>
            <transactions>
                <amount>250</amount>
                <bookingDate>2020-07-01</bookingDate>
                <cdtDbtInd>CRDT</cdtDbtInd>
                <counterparty>50000087654301</counterparty>
                <remittanceInf>Monthly savings</remittanceInf>
            </transactions>
        </accounts>
    </users>
    <users>
        <firstName>Dionne</firstName>
        <lastName>Jefferson</lastName>
        <type>business</type>
        <username>djefferson</username>
        <password>1234567890</password>
        <pin>12345678</pin>
        <accounts>
            <other>50000011223301</other>
            <otherScheme>BBAN</otherScheme>
            <countryCode>GB</countryCode>
            <name>Debit Account - NatWest - Dionne</name>
            <currency>GBP</currency>
            <balance>20021.35</balance>
            <beneficiaries>
                <other>80540122222222</other>
                <otherScheme>BBAN</otherScheme>
                <countryCode>GB</countryCode>
            </beneficiaries>
            <beneficiaries>
                <uniqueReference>Ref2</uniqueReference>
                <other>93134999999999</other>
                <otherScheme>BBAN</otherScheme>
                <countryCode>GB</countryCode>
                <name>Name2</name>
                <agentId>AgentId2</agentId>
                <agentScheme>BICFI</agentScheme>
                <agentName>AgentName2</agentName>
            </beneficiaries>
            <directDebits>
                <mandateIdentification>MID1001</mandateIdentification>
                <name>Amazon</name>
            </directDebits>
            <directDebits>
                <mandateIdentification>MID1002</mandateIdentification>
                <name>Netflix</name>
                <status>Active</status>
                <previousExecutionDateTime>2018-02-01</previousExecutionDateTime>
                <previousExecutionAmount>101.12</previousExecutionAmount>
                <previousExecutionCcy>GBP</previousExecutionCcy>
            </directDebits>
            <directDebits>
                <mandateIdentification>MID1003</mandateIdentification>
                <name>Vodafone</name>
                <status>Active</status>
                <previousExecutionDateTime>2018-03-05</previousExecutionDateTime>
                <previousExecutionAmount>500</previousExecutionAmount>
                <previousExecutionCcy>GBP</previousExecutionCcy>
            </directDebits>
            <directDebits>
                <mandateIdentification>MID1004</mandateIdentification>
                <name>Paypal</name>
                <status>Active</status>
                <previousExecutionDateTime>2018-02-10</previousExecutionDateTime>
                <previousExecutionAmount>310</previousExecutionAmount>
                <previousExecutionCcy>GBP</previousExecutionCcy>
            </directDebits>
            <directDebits>
                <mandateIdentification>MID1005</mandateIdentification>
                <name>Google Play Game</name>
                <status>Active</status>
                <previousExecutionDateTime>2018-02-25</previousExecutionDateTime>
                <previousExecutionAmount>150.30</previousExecutionAmount>
                <previousExecutionCcy>GBP</previousExecutionCcy>
            </directDebits>
            <directDebits>
                <mandateIdentification>MID1006</mandateIdentification>
                <name>MS Office Key</name>
                <status>Active</status>
                <previousExecutionDateTime>2018-05-11</previousExecutionDateTime>
                <previousExecutionAmount>360</previousExecutionAmount>
                <previousExecutionCcy>GBP</previousExecutionCcy>
            </directDebits>
            <standingOrders>
                <frequency>EvryDay</frequency>
                <nextExecutionDateTime>2019-02-01</nextExecutionDateTime>
                <nextExecutionAmount>26.48</nextExecutionAmount>
                <nextExecutionCcy>GBP</nextExecutionCcy>
                <other>80540122222221</other>
                <otherScheme>BBAN</otherScheme>
                <countryCode>GB</countryCode>
            </standingOrders>
            <standingOrders>
                <frequency>EvryWeek</frequency>
                <nextExecutionDateTime>2019-02-01</nextExecutionDateTime>
                <nextExecutionAmount>30</nextExecutionAmount>
                <nextExecutionCcy>GBP</nextExecutionCcy>
                <other>80540122222222</other>
                <otherScheme>BBAN</otherScheme>
                <countryCode>GB</countryCode>
            </standingOrders>
            <standingOrders>
                <frequency>EvryMonth</frequency>
                <nextExecutionDateTime>2019-02-01</nextExecutionDateTime>
                <nextExecutionAmount>100</nextExecutionAmount>
                <nextExecutionCcy>GBP</nextExecutionCcy>
                <other>80540122222223</other>
                <otherScheme>BBAN</otherScheme>
                <countryCode>GB</countryCode>
            </standingOrders>
            <standingOrders>
                <frequency>EvryMonth</frequency>
                <nextExecutionDateTime>2019-02-01</nextExecutionDateTime>
                <nextExecutionAmount>200</nextExecutionAmount>
                <nextExecutionCcy>GBP</nextExecutionCcy>
                <other>80540122222224</other>
                <otherScheme>BBAN</otherScheme>
                <countryCode>GB</countryCode>
            </standingOrders>
            <standingOrders>
                <frequency>EvryWorkgDay</frequency>
                <reference>R2020001</reference>
                <firstExecutionDateTime>2018-02-01</firstExecutionDateTime>
                <firstExecutionAmount>56.45</firstExecutionAmount>
                <firstExecutionCcy>GBP</firstExecutionCcy>
                <nextExecutionDateTime>2019-02-01</nextExecutionDateTime>
                <nextExecutionAmount>26.48</nextExecutionAmount>
                <nextExecutionCcy>GBP</nextExecutionCcy>
                <finalExecutionDateTime>2020-02-01</finalExecutionDateTime>
                <finalExecutionAmount>78.33</finalExecutionAmount>
                <finalExecutionCcy>GBP</finalExecutionCcy>
                <status>Active</status>
                <other>93134999999999</other>
                <otherScheme>BBAN</otherScheme>
                <countryCode>GB</countryCode>
                <name>MS Lic</name>
            </standingOrders>
            <standingOrders>
                <frequency>EvryWorkgDay</frequency>
                <reference>R2020002</reference>
                <firstExecutionDateTime>2018-03-01</firstExecutionDateTime>
                <firstExecutionAmount>20</firstExecutionAmount>
                <firstExecutionCcy>GBP</firstExecutionCcy>
                <nextExecutionDateTime>2019-03-01</nextExecutionDateTime>
                <nextExecutionAmount>10</nextExecutionAmount>
                <nextExecutionCcy>GBP</nextExecutionCcy>
                <finalExecutionDateTime>2020-03-01</finalExecutionDateTime>
                <finalExecutionAmount>50</finalExecutionAmount>
                <finalExecutionCcy>GBP</finalExecutionCcy>
                <status>Active</status>
                <other>93134999999999</other>
                <otherScheme>BBAN</otherScheme>
                <countryCode>GB</countryCode>
                <name>Paypal Rent</name>
            </standingOrders>
            <scheduledPayments>
                <dateTime>2030-02-01</dateTime>
                <amount>13.37</amount>
                <type>Execution</type>
                <ccy>GBP</ccy>
                <name>Account name 2</name>
                <iban>GB49AIBK93134999999999</iban>
            </scheduledPayments>
            <scheduledPayments>
                <dateTime>2030-02-01</dateTime>
                <amount>42</amount>
                <type>Arrival</type>
                <ccy>GBP</ccy>
                <name>Account name 1</name>
                <other>93134999999999</other>
                <otherScheme>BBAN</otherScheme>
                <countryCode>GB</countryCode>
            </scheduledPayments>
            <transactions>
                <amount>250</amount>
                <bookingDate>2020-07-01</bookingDate>
                <cdtDbtInd>DBIT</cdtDbtInd>
                <counterparty>50000011223302</counterparty>
                <remittanceInf>Monthly savings</remittanceInf>
            </transactions>
            <transactions>
                <amount>100</amount>
                <bookingDate>2018-10-02</bookingDate>
                <cdtDbtInd>DBIT</cdtDbtInd>
                <counterparty>50000011223303</counterparty>
                <remittanceInf>Monthly savings</remittanceInf>
            </transactions>
            <transactions>
                <amount>72.14</amount>
                <bookingDate>2018-10-11</bookingDate>
                <cdtDbtInd>DBIT</cdtDbtInd>
                <counterparty>80540133333334</counterparty>
                <remittanceInf>Pizzeria Mama Roma</remittanceInf>
            </transactions>
            <transactions>
                <amount>90.30</amount>
                <bookingDate>2018-10-12</bookingDate>
                <cdtDbtInd>DBIT</cdtDbtInd>
                <counterparty>80540133333335</counterparty>
                <remittanceInf>Hotal Kya</remittanceInf>
            </transactions>
            <transactions>
                <amount>10.50</amount>
                <bookingDate>2018-10-13</bookingDate>
                <cdtDbtInd>DBIT</cdtDbtInd>
                <counterparty>80540133333336</counterparty>
                <remittanceInf>Coffee Day</remittanceInf>
            </transactions>
            <transactions>
                <amount>30.60</amount>
                <bookingDate>2018-10-13</bookingDate>
                <cdtDbtInd>DBIT</cdtDbtInd>
                <counterparty>80540133333337</counterparty>
                <remittanceInf>Water Exp</remittanceInf>
            </transactions>
            <transactions>
                <amount>536.90</amount>
                <bookingDate>2018-10-13</bookingDate>
                <cdtDbtInd>DBIT</cdtDbtInd>
                <counterparty>80540133333338</counterparty>
                <remittanceInf>Travel Book</remittanceInf>
            </transactions>
            <transactions>
                <amount>170.20</amount>
                <bookingDate>2018-10-13</bookingDate>
                <cdtDbtInd>DBIT</cdtDbtInd>
                <counterparty>80540133333339</counterparty>
                <remittanceInf>Transfer</remittanceInf>
            </transactions>
            <transactions>
                <amount>100.75</amount>
                <bookingDate>2018-10-13</bookingDate>
                <cdtDbtInd>DBDT</cdtDbtInd>
                <counterparty>80540133333340</counterparty>
                <remittanceInf>Net Charges</remittanceInf>
            </transactions>
            <transactions>
                <amount>90.63</amount>
                <bookingDate>2018-10-13</bookingDate>
                <cdtDbtInd>DBDT</cdtDbtInd>
                <counterparty>80540133333341</counterparty>
                <remittanceInf>Other Tran</remittanceInf>
            </transactions>
            <transactions>
                <amount>7500</amount>
                <bookingDate>2020-07-01</bookingDate>
                <cdtDbtInd>CRDT</cdtDbtInd>
                <counterparty>80540133333342</counterparty>
                <remittanceInf>Monthly Salary</remittanceInf>
            </transactions>
            <transactions>
                <amount>12.50</amount>
                <bookingDate>2020-07-01</bookingDate>
                <cdtDbtInd>CRDT</cdtDbtInd>
                <counterparty>80540133333344</counterparty>
                <remittanceInf>Credit Intrest</remittanceInf>
            </transactions>
            <transactions>
                <amount>300</amount>
                <bookingDate>2020-07-01</bookingDate>
                <cdtDbtInd>CRDT</cdtDbtInd>
                <counterparty>80540133333345</counterparty>
                <remittanceInf>Other Income</remittanceInf>
            </transactions>
        </accounts>
        <accounts>
            <other>50000011223302</other>
            <otherScheme>BBAN</otherScheme>
            <countryCode>GB</countryCode>
            <name>Savings Account - NatWest - Dionne</name>
            <currency>GBP</currency>
            <balance>125430.92</balance>
            <transactions>
                <amount>250</amount>
                <bookingDate>2020-07-01</bookingDate>
                <cdtDbtInd>CRDT</cdtDbtInd>
                <counterparty>50000011223301</counterparty>
                <remittanceInf>Monthly savings</remittanceInf>
            </transactions>
            <transactions>
                <amount>750</amount>
                <bookingDate>2020-07-01</bookingDate>
                <cdtDbtInd>CRDT</cdtDbtInd>
                <counterparty>50000011223301</counterparty>
                <remittanceInf>Monthly savings</remittanceInf>
            </transactions>
            <transactions>
                <amount>100</amount>
                <bookingDate>2020-07-01</bookingDate>
                <cdtDbtInd>CRDT</cdtDbtInd>
                <counterparty>50000011223301</counterparty>
                <remittanceInf>Monthly savings</remittanceInf>
            </transactions>
        </accounts>
    </users>
</root>